Workbook

Sheet Instrucciones
B1: Planilla de verificación de datos · TFM Monitor Ciber-Geopolítico Argentina
B3: Qué hay que hacer | C3: Para cada fila de las pestañas «Incidentes» y «Hechos clave», abrir la fuente y completar SOLO las columnas amarillas. Las demás columnas (azules) son los datos ya cargados: no se modifican.
B4: Orden | C4: Los incidentes están ordenados del más reciente al más antiguo (los de fecha desconocida, al final). La columna «Prioridad» indica cuáles pesan más en la evaluación: conviene empezar por los de prioridad Alta (se pueden filtrar con la flecha del encabezado).
B5: Tiempo estimado | C5: Unos 5 minutos por fila. Se puede completar en varias sesiones; la pestaña «Resumen» muestra el avance.
B6: Al terminar | C6: Devolver la planilla en el chat. Con ella se actualizan los datos, la página y la memoria.
B8: Cómo verificar (método de analista)
B9: 1. ¿La fuente dice eso? | C9: Abrir el enlace y comprobar que la noticia trata de ese ataque o hecho.
B10: 2. ¿La fecha es la del hecho? | C10: Muchas veces la fecha cargada es la de publicación de la nota. Buscar en el texto el día real del ataque y anotarlo en «Fecha confirmada».
B11: 3. ¿Actor y objetivo correctos? | C11: ¿Fue ese grupo? ¿Atacó a ese organismo?
B12: 4. Corroborar | C12: Buscar el mismo hecho en otra fuente INDEPENDIENTE (que no copie a la primera) y pegar su enlace en «Fuente adicional».
B13: 5. Evidencia técnica | C13: Defacement: Wayback Machine (web.archive.org) o Zone-H (zone-h.org/archive). Ransomware/filtración: ransomware.live. DDoS: comunicados oficiales.
B14: 6. Calificar (Código Almirantazgo) | C14: Elegir una letra (fiabilidad de la fuente) y un número (credibilidad de la información). La columna «Código» se completa sola.
B15: 7. Decidir | C15: Confirmado (hay evidencia y corroboración) · Reivindicado sin confirmar (solo lo dice el atacante o una fuente) · Descartado (sin evidencia o con error de fondo).
B17: Código Almirantazgo (OTAN)
B18: A – Totalmente fiable | C18: Organismo oficial o comunicado del propio afectado
B19: B – Normalmente fiable | C19: Medio serio o empresa de ciberseguridad reconocida
B20: C – Bastante fiable | C20: Medio menor o investigador conocido
B21: D – No siempre fiable | C21: Blog, agregador, cuenta en redes
B22: E – Poco fiable | C22: El propio atacante reivindicando
B23: F – No se puede juzgar | C23: Sin información sobre la fuente
B24: 1 – Confirmada | C24: Confirmada por otras fuentes independientes
B25: 2 – Probablemente cierta | C25: Coherente, sin confirmación independiente completa
B26: 3 – Posiblemente cierta | C26: Razonable pero poco respaldada
B27: 4 – Dudosa | C27: Hay indicios en contra
B28: 5 – Improbable | C28: Contradicha por otras fuentes
B29: 6 – No se puede juzgar | C29: Sin elementos para evaluar
B31: Ejemplo de fila completada (formato esperado)
B32: ¿Fuente abre y dice eso? | C32: Sí
B33: Fecha confirmada | C33: 2026-02-05
B34: ¿Actor/objetivo correctos? | C34: Sí
B35: ¿Confirmación oficial? | C35: Sí
B36: Fuente adicional | C36: https://www.mdzol.com/politica/intentaron-hackear-la-cancilleria-y-la-side-hablo-una-ofensiva-internacional-n1445789
B37: Fiabilidad fuente | C37: A
B38: Credibilidad info | C38: 2
B39: Código | C39: A2 (automático)
B40: Decisión | C40: Confirmado
B41: Observaciones | C41: Ejemplo basado en INC-020: la SIDE informó el ataque; la atribución a la campaña hacktivista depende solo de la SIDE.

Sheet Resumen
A1: Avance de la verificación
B3: Incidentes | C3: Hechos clave
A4: Total de filas | B4: =COUNTA(Incidentes!B2:B24) -> 23 | C4: =COUNTA('Hechos clave'!A2:A17) -> 16
A5: Revisadas (con decisión) | B5: =COUNTA(Incidentes!T2:T24) -> 0 | C5: =COUNTA('Hechos clave'!O2:O17) -> 0
A6: Confirmado | B6: =COUNTIF(Incidentes!T2:T24,"Confirmado") -> 0 | C6: =COUNTIF('Hechos clave'!O2:O17,"Confirmado") -> 0
A7: Reivindicado sin confirmar | B7: =COUNTIF(Incidentes!T2:T24,"Reivindicado sin confirmar") -> 0 | C7: =COUNTIF('Hechos clave'!O2:O17,"Reivindicado sin confirmar") -> 0
A8: Descartado | B8: =COUNTIF(Incidentes!T2:T24,"Descartado") -> 0 | C8: =COUNTIF('Hechos clave'!O2:O17,"Descartado") -> 0
A9: Avance | B9: =IF(B4=0,0,B5/B4) -> 0 | C9: =IF(C4=0,0,C5/C4) -> 0
A11: Esta pestaña se calcula sola a partir de la columna «Decisión» de cada pestaña.

Sheet Incidentes
A1: Prioridad | B1: ID | C1: Fecha cargada | D1: Precisión fecha | E1: Actor | F1: Tipo de actor | G1: Objetivo | H1: Tipo de ataque | I1: Fuente | J1: Confianza actual | K1: Nota de la carga | L1: ¿Fuente abre y dice eso? | M1: Fecha confirmada (AAAA-MM-DD) | N1: ¿Actor/objetivo correctos? | O1: ¿Confirmación oficial? | P1: Fuente adicional (URL) | Q1: Fiabilidad fuente (A-F) | R1: Credibilidad info (1-6) | S1: Código | T1: Decisión | U1: Observaciones
A2: 3 - Baja | B2: INC-023 | C2: 2026-09-18 | D2: dia | E2: n0n | F2: cibercriminal | G2: Ministerio de Educación de la Nación | H2: ransomware | I2: Abrir fuente | J2: baja | K2: Solo reivindicación del grupo; sin confirmación oficial. | S2: =IF(OR(Q2="",R2=""),"",Q2&R2)
A3: 1 - Alta | B3: INC-022 | C3: 2026-07-15 | D3: aproximada | E3: Hackers de origen egipcio (sin nombre) | F3: hacktivista | G3: AFA (AFA Medios) | H3: filtracion | I3: Abrir fuente | J3: media | K3: Ya detectado por la plataforma en vivo. Fecha tomada de la nota. | S3: =IF(OR(Q3="",R3=""),"",Q3&R3)
A4: 3 - Baja | B4: INC-021 | C4: 2026-03-04 | D4: aproximada | E4: The Gentlemen | F4: cibercriminal | G4: IBR-CONICET (Rosario) | H4: ransomware | I4: Abrir fuente | J4: baja | K4: El año (2026) se deduce del día de la semana: verificar. | S4: =IF(OR(Q4="",R4=""),"",Q4&R4)
A5: 1 - Alta | B5: INC-020 | C5: 2026-02-05 | D5: dia | E5: Campaña hacktivista (sin nombre público) | F5: hacktivista | G5: Cancillería argentina | H5: ddos | I5: Abrir fuente | J5: media | K5: Ocurre 19 días después del anuncio de ingreso al Board of Peace (17/01/2026). La atribución proviene de la SIDE. | S5: =IF(OR(Q5="",R5=""),"",Q5&R5)
A6: 3 - Baja | B6: INC-019 | C6: 2025-10-12 | D6: aproximada | E6: Nova | F6: cibercriminal | G6: Ministerio de Salud de la Nación | H6: ransomware | I6: Abrir fuente | J6: baja | K6: Solo reivindicación del grupo. | S6: =IF(OR(Q6="",R6=""),"",Q6&R6)
A7: 2 - Media | B7: INC-018 | C7: 2025-05-08 | D7: dia | E7: Desconocido | F7: desconocido | G7: Fuerzas Armadas (datos de unos 50.000 efectivos) | H7: filtracion | I7: Abrir fuente | J7: alta | K7: Un proyecto de Diputados lo sitúa el 13/05/2025. | S7: =IF(OR(Q7="",R7=""),"",Q7&R7)
A8: 2 - Media | B8: INC-017 | C8: 2024-12-25 | D8: dia | E8: gov.eth y h4xx0r1337 | F8: desconocido | G8: Sitio argentina.gob.ar, Mi Argentina y SUBE | H8: defacement | I8: Abrir fuente | J8: alta | K8: Confirmado por el Gobierno. Grupo de comparación. | S8: =IF(OR(Q8="",R8=""),"",Q8&R8)
A9: 3 - Baja | B9: INC-016 | C9: 2024-11-29 | D9: aproximada | E9: LockBit 3.0 | F9: cibercriminal | G9: Agencia Tributaria de Formosa | H9: ransomware | I9: Abrir fuente | J9: baja | K9: Solo reivindicación del grupo. | S9: =IF(OR(Q9="",R9=""),"",Q9&R9)
A10: 2 - Media | B10: INC-015 | C10: 2024-11-27 | D10: dia | E10: Money Message | F10: cibercriminal | G10: Comisión Nacional de Energía Atómica (CNEA) | H10: ransomware | I10: Abrir fuente | J10: media | K10: Un proyecto de la Cámara de Diputados da el 27/11/2024; ransomware.live estima el 18/12/2024. | S10: =IF(OR(Q10="",R10=""),"",Q10&R10)
A11: 3 - Baja | B11: INC-014 | C11: 2024-10-04 | D11: aproximada | E11: RansomHub | F11: cibercriminal | G11: Municipio de Tigre | H11: ransomware | I11: Abrir fuente | J11: baja | K11: Solo reivindicación del grupo; buscar confirmación en medios. | S11: =IF(OR(Q11="",R11=""),"",Q11&R11)
A12: 1 - Alta | B12: INC-005 | C12: 2024-08-15 | D12: dia | E12: LulzSec Muslims | F12: hacktivista | G12: Gobierno argentino (datos de Fuerzas Armadas y policía) | H12: filtracion | I12: Abrir fuente | J12: media | K12: Posterior al período de estudio. | S12: =IF(OR(Q12="",R12=""),"",Q12&R12)
A13: 1 - Alta | B13: INC-004 | C13: 2024-08-05 | D13: dia | E13: LulzSec Muslims | F13: hacktivista | G13: Ministerio de Salud y un medio de noticias | H13: otro | I13: Abrir fuente | J13: baja | K13: Posterior al período de estudio. Útil si se extiende el período a agosto de 2024 (después de la declaración de Hamás como organización terrorista y del aniversario AMIA). | S13: =IF(OR(Q13="",R13=""),"",Q13&R13)
... A24: 1 - Alta | B24: INC-013 | C24: desconocida | D24: desconocida | E24: Stucx Team | F24: hacktivista | G24: Sitios argentinos (campaña masiva) | H24: ddos | I24: Abrir fuente | J24: baja | K24: FECHA DESCONOCIDA (probablemente mediados de 2024): la fecha es solo un marcador. | S24: =IF(OR(Q24="",R24=""),"",Q24&R24)

Sheet Hechos clave
A1: ID | B1: Fecha cargada | C1: Hecho | D1: Categoría | E1: Fuente | F1: Confianza actual | G1: ¿Fuente abre y dice eso? | H1: Fecha confirmada (AAAA-MM-DD) | I1: ¿Actor/objetivo correctos? | J1: ¿Confirmación oficial? | K1: Fuente adicional (URL) | L1: Fiabilidad fuente (A-F) | M1: Credibilidad info (1-6) | N1: Código | O1: Decisión | P1: Observaciones
A2: HC-001 | B2: 2023-10-07 | C2: Ataque de Hamás contra Israel | D2: conflicto | E2: (sin fuente: buscar una) | F2: alta | N2: =IF(OR(L2="",M2=""),"",L2&M2)
A3: HC-002 | B3: 2023-11-19 | C3: Milei gana el balotaje presidencial | D3: politica_exterior | E3: (sin fuente: buscar una) | F3: media | N3: =IF(OR(L3="",M3=""),"",L3&M3)
A4: HC-003 | B4: 2023-12-10 | C4: Asunción de Javier Milei | D4: politica_exterior | E4: (sin fuente: buscar una) | F4: media | N4: =IF(OR(L4="",M4=""),"",L4&M4)
A5: HC-004 | B5: 2024-02-06 | C5: Milei visita Israel y anuncia el traslado de la embajada a Jerusalén | D5: politica_exterior | E5: (sin fuente: buscar una) | F5: alta | N5: =IF(OR(L5="",M5=""),"",L5&M5)
A6: HC-005 | B6: 2024-04-11 | C6: Fallo de Casación sobre el atentado a la AMIA | D6: judicial | E6: (sin fuente: buscar una) | F6: alta | N6: =IF(OR(L6="",M6=""),"",L6&M6)
A7: HC-006 | B7: 2024-04-13 | C7: Ataque de Irán contra Israel | D7: conflicto | E7: (sin fuente: buscar una) | F7: alta | N7: =IF(OR(L7="",M7=""),"",L7&M7)
A8: HC-007 | B8: 2024-07-12 | C8: Argentina declara a Hamás organización terrorista | D8: politica_exterior | E8: (sin fuente: buscar una) | F8: media | N8: =IF(OR(L8="",M8=""),"",L8&M8)
A9: HC-008 | B9: 2024-07-18 | C9: 30.º aniversario del atentado a la AMIA | D9: aniversario | E9: (sin fuente: buscar una) | F9: alta | N9: =IF(OR(L9="",M9=""),"",L9&M9)
A10: HC-009 | B10: 2025-06-11 | C10: Segunda visita de Milei a Israel: anuncia el traslado de la embajada para 2026 | D10: politica_exterior | E10: Abrir fuente | F10: alta | N10: =IF(OR(L10="",M10=""),"",L10&M10)
A11: HC-010 | B11: 2025-06-22 | C11: Argentina respalda el ataque de EE. UU. a instalaciones nucleares de Irán | D11: conflicto | E11: Abrir fuente | F11: media | N11: =IF(OR(L11="",M11=""),"",L11&M11)
A12: HC-011 | B12: 2026-01-17 | C12: Argentina anuncia su ingreso como miembro fundador del Board of Peace | D12: politica_exterior | E12: Abrir fuente | F12: alta | N12: =IF(OR(L12="",M12=""),"",L12&M12)
A13: HC-012 | B13: 2026-02-19 | C13: Milei participa de la reunión inaugural del Board of Peace y ofrece ayuda para Gaza | D13: politica_exterior | E13: Abrir fuente | F13: media | N13: =IF(OR(L13="",M13=""),"",L13&M13)
... A17: HC-016 | B17: 2026-04-19 | C17: Tercera visita de Milei a Israel en plena guerra con Irán | D17: politica_exterior | E17: Abrir fuente | F17: alta | N17: =IF(OR(L17="",M17=""),"",L17&M17)
